Workbook

Sheet Tracker
A1: Phase | B1: # | C1: Concept | D1: Status | E1: Practice Exercise Done | F1: Self-Check Passed | G1: Date Started | H1: Date Completed | I1: Notes
A2: Phase 1: Python & Coding Fundamentals | B2: 1.1 | C2: How do you find missing elements in a list of consecutive integers? | D2: Not Started | E2: No | F2: No
A3: Phase 1: Python & Coding Fundamentals | B3: 1.2 | C3: Difference between a list and a tuple? | D3: Not Started | E3: No | F3: No
A4: Phase 1: Python & Coding Fundamentals | B4: 1.3 | C4: How do you check if a string is a palindrome? | D4: Not Started | E4: No | F4: No
A5: Phase 1: Python & Coding Fundamentals | B5: 1.4 | C5: How does Python handle “pointers” compared to C/C++? | D5: Not Started | E5: No | F5: No
A6: Phase 1: Python & Coding Fundamentals | B6: 1.5 | C6: How do you merge two dictionaries? | D6: Not Started | E6: No | F6: No
A7: Phase 1: Python & Coding Fundamentals | B7: 1.6 | C7: Shallow copy vs. deep copy? | D7: Not Started | E7: No | F7: No
A8: Phase 1: Python & Coding Fundamentals | B8: 1.7 | C8: List comprehension vs. generator expression? | D8: Not Started | E8: No | F8: No
A9: Phase 1: Python & Coding Fundamentals | B9: 1.8 | C9: What do *args and **kwargs do? | D9: Not Started | E9: No | F9: No
A10: Phase 1: Python & Coding Fundamentals | B10: 1.9 | C10: Threading vs. multiprocessing for CPU-bound ML work? | D10: Not Started | E10: No | F10: No
A11: Phase 2: SQL | B11: 2.1 | C11: INNER JOIN vs. LEFT JOIN? | D11: Not Started | E11: No | F11: No
A12: Phase 2: SQL | B12: 2.2 | C12: Write a query to find duplicate rows. | D12: Not Started | E12: No | F12: No
A13: Phase 2: SQL | B13: 2.3 | C13: WHERE vs. HAVING? | D13: Not Started | E13: No | F13: No
... A88: Phase 13: Cognizant-Specific | B88: 13.3 | C88: How hard is the Cognizant AI/Data Science interview, realistically? | D88: Not Started | E88: No | F88: No

Sheet Dashboard
A1: Cognizant AI Study Guide — Progress Dashboard
A2: Live counts pull from the Tracker sheet - update statuses there.
A4: Overall Completion
A5: Total Concepts | B5: =COUNTA(Tracker!C2:C88)
A6: Done | B6: =COUNTIF(Tracker!D2:D88,"Done")
A7: % Complete | B7: =IFERROR(B6/B5,0)
A10: Phase | B10: Total | C10: Not Started | D10: In Progress | E10: Practiced | F10: Done | G10: % Complete
A11: Phase 1: Python & Coding Fundamentals | B11: =COUNTIF(Tracker!A$2:A$88,A11) | C11: =COUNTIFS(Tracker!A$2:A$88,A11,Tracker!D$2:D$88,"Not Started") | D11: =COUNTIFS(Tracker!A$2:A$88,A11,Tracker!D$2:D$88,"In Progress") | E11: =COUNTIFS(Tracker!A$2:A$88,A11,Tracker!D$2:D$88,"Practiced") | F11: =COUNTIFS(Tracker!A$2:A$88,A11,Tracker!D$2:D$88,"Done") | G11: =IFERROR(F11/B11,0)
A12: Phase 2: SQL | B12: =COUNTIF(Tracker!A$2:A$88,A12) | C12: =COUNTIFS(Tracker!A$2:A$88,A12,Tracker!D$2:D$88,"Not Started") | D12: =COUNTIFS(Tracker!A$2:A$88,A12,Tracker!D$2:D$88,"In Progress") | E12: =COUNTIFS(Tracker!A$2:A$88,A12,Tracker!D$2:D$88,"Practiced") | F12: =COUNTIFS(Tracker!A$2:A$88,A12,Tracker!D$2:D$88,"Done") | G12: =IFERROR(F12/B12,0)
A13: Phase 3: Statistics & Core ML | B13: =COUNTIF(Tracker!A$2:A$88,A13) | C13: =COUNTIFS(Tracker!A$2:A$88,A13,Tracker!D$2:D$88,"Not Started") | D13: =COUNTIFS(Tracker!A$2:A$88,A13,Tracker!D$2:D$88,"In Progress") | E13: =COUNTIFS(Tracker!A$2:A$88,A13,Tracker!D$2:D$88,"Practiced") | F13: =COUNTIFS(Tracker!A$2:A$88,A13,Tracker!D$2:D$88,"Done") | G13: =IFERROR(F13/B13,0)
A14: Phase 4: Deep Learning Fundamentals | B14: =COUNTIF(Tracker!A$2:A$88,A14) | C14: =COUNTIFS(Tracker!A$2:A$88,A14,Tracker!D$2:D$88,"Not Started") | D14: =COUNTIFS(Tracker!A$2:A$88,A14,Tracker!D$2:D$88,"In Progress") | E14: =COUNTIFS(Tracker!A$2:A$88,A14,Tracker!D$2:D$88,"Practiced") | F14: =COUNTIFS(Tracker!A$2:A$88,A14,Tracker!D$2:D$88,"Done") | G14: =IFERROR(F14/B14,0)
A15: Phase 5: NLP & Computer Vision Basics | B15: =COUNTIF(Tracker!A$2:A$88,A15) | C15: =COUNTIFS(Tracker!A$2:A$88,A15,Tracker!D$2:D$88,"Not Started") | D15: =COUNTIFS(Tracker!A$2:A$88,A15,Tracker!D$2:D$88,"In Progress") | E15: =COUNTIFS(Tracker!A$2:A$88,A15,Tracker!D$2:D$88,"Practiced") | F15: =COUNTIFS(Tracker!A$2:A$88,A15,Tracker!D$2:D$88,"Done") | G15: =IFERROR(F15/B15,0)
A16: Phase 6: Generative AI / LLMs | B16: =COUNTIF(Tracker!A$2:A$88,A16) | C16: =COUNTIFS(Tracker!A$2:A$88,A16,Tracker!D$2:D$88,"Not Started") | D16: =COUNTIFS(Tracker!A$2:A$88,A16,Tracker!D$2:D$88,"In Progress") | E16: =COUNTIFS(Tracker!A$2:A$88,A16,Tracker!D$2:D$88,"Practiced") | F16: =COUNTIFS(Tracker!A$2:A$88,A16,Tracker!D$2:D$88,"Done") | G16: =IFERROR(F16/B16,0)
A17: Phase 7: RAG Systems | B17: =COUNTIF(Tracker!A$2:A$88,A17) | C17: =COUNTIFS(Tracker!A$2:A$88,A17,Tracker!D$2:D$88,"Not Started") | D17: =COUNTIFS(Tracker!A$2:A$88,A17,Tracker!D$2:D$88,"In Progress") | E17: =COUNTIFS(Tracker!A$2:A$88,A17,Tracker!D$2:D$88,"Practiced") | F17: =COUNTIFS(Tracker!A$2:A$88,A17,Tracker!D$2:D$88,"Done") | G17: =IFERROR(F17/B17,0)
A18: Phase 8: AI Agents & Multi-Agent Systems | B18: =COUNTIF(Tracker!A$2:A$88,A18) | C18: =COUNTIFS(Tracker!A$2:A$88,A18,Tracker!D$2:D$88,"Not Started") | D18: =COUNTIFS(Tracker!A$2:A$88,A18,Tracker!D$2:D$88,"In Progress") | E18: =COUNTIFS(Tracker!A$2:A$88,A18,Tracker!D$2:D$88,"Practiced") | F18: =COUNTIFS(Tracker!A$2:A$88,A18,Tracker!D$2:D$88,"Done") | G18: =IFERROR(F18/B18,0)
A19: Phase 9: MLOps & Deployment | B19: =COUNTIF(Tracker!A$2:A$88,A19) | C19: =COUNTIFS(Tracker!A$2:A$88,A19,Tracker!D$2:D$88,"Not Started") | D19: =COUNTIFS(Tracker!A$2:A$88,A19,Tracker!D$2:D$88,"In Progress") | E19: =COUNTIFS(Tracker!A$2:A$88,A19,Tracker!D$2:D$88,"Practiced") | F19: =COUNTIFS(Tracker!A$2:A$88,A19,Tracker!D$2:D$88,"Done") | G19: =IFERROR(F19/B19,0)
A20: Phase 10: Cloud Platforms | B20: =COUNTIF(Tracker!A$2:A$88,A20) | C20: =COUNTIFS(Tracker!A$2:A$88,A20,Tracker!D$2:D$88,"Not Started") | D20: =COUNTIFS(Tracker!A$2:A$88,A20,Tracker!D$2:D$88,"In Progress") | E20: =COUNTIFS(Tracker!A$2:A$88,A20,Tracker!D$2:D$88,"Practiced") | F20: =COUNTIFS(Tracker!A$2:A$88,A20,Tracker!D$2:D$88,"Done") | G20: =IFERROR(F20/B20,0)
A21: Phase 11: AI System Design | B21: =COUNTIF(Tracker!A$2:A$88,A21) | C21: =COUNTIFS(Tracker!A$2:A$88,A21,Tracker!D$2:D$88,"Not Started") | D21: =COUNTIFS(Tracker!A$2:A$88,A21,Tracker!D$2:D$88,"In Progress") | E21: =COUNTIFS(Tracker!A$2:A$88,A21,Tracker!D$2:D$88,"Practiced") | F21: =COUNTIFS(Tracker!A$2:A$88,A21,Tracker!D$2:D$88,"Done") | G21: =IFERROR(F21/B21,0)
A22: Phase 12: Behavioral / HR | B22: =COUNTIF(Tracker!A$2:A$88,A22) | C22: =COUNTIFS(Tracker!A$2:A$88,A22,Tracker!D$2:D$88,"Not Started") | D22: =COUNTIFS(Tracker!A$2:A$88,A22,Tracker!D$2:D$88,"In Progress") | E22: =COUNTIFS(Tracker!A$2:A$88,A22,Tracker!D$2:D$88,"Practiced") | F22: =COUNTIFS(Tracker!A$2:A$88,A22,Tracker!D$2:D$88,"Done") | G22: =IFERROR(F22/B22,0)
A23: Phase 13: Cognizant-Specific | B23: =COUNTIF(Tracker!A$2:A$88,A23) | C23: =COUNTIFS(Tracker!A$2:A$88,A23,Tracker!D$2:D$88,"Not Started") | D23: =COUNTIFS(Tracker!A$2:A$88,A23,Tracker!D$2:D$88,"In Progress") | E23: =COUNTIFS(Tracker!A$2:A$88,A23,Tracker!D$2:D$88,"Practiced") | F23: =COUNTIFS(Tracker!A$2:A$88,A23,Tracker!D$2:D$88,"Done") | G23: =IFERROR(F23/B23,0)
A24: TOTAL | B24: =SUM(B11:B23) | C24: =SUM(C11:C23) | D24: =SUM(D11:D23) | E24: =SUM(E11:E23) | F24: =SUM(F11:F23) | G24: =IFERROR(F24/B24,0)

Sheet Self-Assessment Checklist
A1: Self-Assessment Checklist
A2: The [CONFIRMED] questions - sourced from real Cognizant candidate interview reports. Mark each once you can answer it cold, unaided, plus a natural follow-up.
A4: # | B4: Checklist Item | C4: Completed | D4: Date
A5: 1 | B5: (2.4, SQL) Explain a window function with an example. | C5: No
A6: 2 | B6: (3.1, Statistics & Core ML) What is regularization, and why use it? | C6: No
A7: 3 | B7: (3.3, Statistics & Core ML) Precision vs. recall — when do you prioritize one over the other? | C7: No
A8: 4 | B8: (3.4, Statistics & Core ML) What is a confusion matrix? | C8: No
A9: 5 | B9: (3.8, Statistics & Core ML) What is a hash collision, and how is it resolved? | C9: No
A10: 6 | B10: (4.6, Deep Learning Fundamentals) GANs vs. VAEs — how do they differ? | C10: No
A11: 7 | B11: (5.5, NLP & Computer Vision Basics) What's a convolutional filter actually doing in image recognition? | C11: No
A12: 8 | B12: (6.1, Generative AI / LLMs) What is a transformer, and what replaced recurrence? | C12: No
A13: 9 | B13: (7.1, RAG Systems) Walk through a complete RAG pipeline end to end. | C13: No
A14: 10 | B14: (8.1, AI Agents & Multi-Agent Systems) What is an AI agent vs. a single LLM call? | C14: No
A15: 11 | B15: (9.1, MLOps & Deployment) What does MLOps cover that DevOps doesn't? | C15: No
A16: 12 | B16: (10.1, Cloud Platforms) What is Azure OpenAI Service, and how does it differ from calling OpenAI's API directly? | C16: No
... A19: 15 | B19: (12.6, Behavioral / HR) “Walk me through a project from your resume.” | C19: No

Sheet Time Log
A1: Date | B1: Hours Spent | C1: Notes
