Workbook

Sheet Tracker
A1: Phase | B1: # | C1: Concept | D1: Status | E1: Practice Exercise Done | F1: Self-Check Passed | G1: Date Started | H1: Date Completed | I1: Notes
A2: Phase 0: Setup & TypeScript Essentials | B2: 0.1 | C2: Angular CLI, workspace, ng serve | D2: Not Started | E2: No | F2: No
A3: Phase 0: Setup & TypeScript Essentials | B3: 0.2 | C3: TypeScript for Angular (strict, generics, unknown vs any) + decorators | D3: Not Started | E3: No | F3: No
A4: Phase 1: Angular Core | B4: 1.1 | C4: Standalone components (no NgModules) | D4: Not Started | E4: No | F4: No
A5: Phase 1: Angular Core | B5: 1.2 | C5: Templates & binding (interpolation, property, event, two-way) | D5: Not Started | E5: No | F5: No
A6: Phase 1: Angular Core | B6: 1.3 | C6: Built-in control flow (@if/@for/@switch) | D6: Not Started | E6: No | F6: No
A7: Phase 1: Angular Core | B7: 1.4 | C7: Dependency injection with inject() | D7: Not Started | E7: No | F7: No
A8: Phase 1: Angular Core | B8: 1.5 | C8: Lifecycle & DestroyRef (field initializer) | D8: Not Started | E8: No | F8: No
A9: Phase 1: Angular Core | B9: 1.6 | C9: Pipes & directives (built-in & custom) | D9: Not Started | E9: No | F9: No
A10: Phase 2: Signals (Angular 19) | B10: 2.1 | C10: signal() for local state (.set/.update) | D10: Not Started | E10: No | F10: No
A11: Phase 2: Signals (Angular 19) | B11: 2.2 | C11: computed() for derived state (never get getters) | D11: Not Started | E11: No | F11: No
A12: Phase 2: Signals (Angular 19) | B12: 2.3 | C12: input() / input.required() (replaces @Input) | D12: Not Started | E12: No | F12: No
A13: Phase 2: Signals (Angular 19) | B13: 2.4 | C13: output() (replaces @Output/EventEmitter) | D13: Not Started | E13: No | F13: No
... A35: Capstone | B35: C | C35: Build & stabilize a full Angular feature module | D35: Not Started | E35: No | F35: No

Sheet Dashboard
A1: Angular 19 Learning - Progress Dashboard
A2: Live counts pull from the Tracker sheet - update statuses there.
A4: Overall Completion
A5: Total Concepts | B5: =COUNTA(Tracker!C2:C35)
A6: Done | B6: =COUNTIF(Tracker!D2:D35,"Done")
A7: % Complete | B7: =IFERROR(B6/B5,0)
A10: Phase | B10: Total | C10: Not Started | D10: In Progress | E10: Practiced | F10: Done | G10: % Complete
A11: Phase 0: Setup & TypeScript Essentials | B11: =COUNTIF(Tracker!A2:A35,A11) | C11: =COUNTIFS(Tracker!A2:A35,A11,Tracker!D2:D35,"Not Started") | D11: =COUNTIFS(Tracker!A2:A35,A11,Tracker!D2:D35,"In Progress") | E11: =COUNTIFS(Tracker!A2:A35,A11,Tracker!D2:D35,"Practiced") | F11: =COUNTIFS(Tracker!A2:A35,A11,Tracker!D2:D35,"Done") | G11: =IFERROR(F11/B11,0)
A12: Phase 1: Angular Core | B12: =COUNTIF(Tracker!A2:A35,A12) | C12: =COUNTIFS(Tracker!A2:A35,A12,Tracker!D2:D35,"Not Started") | D12: =COUNTIFS(Tracker!A2:A35,A12,Tracker!D2:D35,"In Progress") | E12: =COUNTIFS(Tracker!A2:A35,A12,Tracker!D2:D35,"Practiced") | F12: =COUNTIFS(Tracker!A2:A35,A12,Tracker!D2:D35,"Done") | G12: =IFERROR(F12/B12,0)
A13: Phase 2: Signals (Angular 19) | B13: =COUNTIF(Tracker!A2:A35,A13) | C13: =COUNTIFS(Tracker!A2:A35,A13,Tracker!D2:D35,"Not Started") | D13: =COUNTIFS(Tracker!A2:A35,A13,Tracker!D2:D35,"In Progress") | E13: =COUNTIFS(Tracker!A2:A35,A13,Tracker!D2:D35,"Practiced") | F13: =COUNTIFS(Tracker!A2:A35,A13,Tracker!D2:D35,"Done") | G13: =IFERROR(F13/B13,0)
A14: Phase 3: RxJS & Data Layer | B14: =COUNTIF(Tracker!A2:A35,A14) | C14: =COUNTIFS(Tracker!A2:A35,A14,Tracker!D2:D35,"Not Started") | D14: =COUNTIFS(Tracker!A2:A35,A14,Tracker!D2:D35,"In Progress") | E14: =COUNTIFS(Tracker!A2:A35,A14,Tracker!D2:D35,"Practiced") | F14: =COUNTIFS(Tracker!A2:A35,A14,Tracker!D2:D35,"Done") | G14: =IFERROR(F14/B14,0)
A15: Phase 4: Forms & Routing | B15: =COUNTIF(Tracker!A2:A35,A15) | C15: =COUNTIFS(Tracker!A2:A35,A15,Tracker!D2:D35,"Not Started") | D15: =COUNTIFS(Tracker!A2:A35,A15,Tracker!D2:D35,"In Progress") | E15: =COUNTIFS(Tracker!A2:A35,A15,Tracker!D2:D35,"Practiced") | F15: =COUNTIFS(Tracker!A2:A35,A15,Tracker!D2:D35,"Done") | G15: =IFERROR(F15/B15,0)
A16: Phase 5: Styling & i18n | B16: =COUNTIF(Tracker!A2:A35,A16) | C16: =COUNTIFS(Tracker!A2:A35,A16,Tracker!D2:D35,"Not Started") | D16: =COUNTIFS(Tracker!A2:A35,A16,Tracker!D2:D35,"In Progress") | E16: =COUNTIFS(Tracker!A2:A35,A16,Tracker!D2:D35,"Practiced") | F16: =COUNTIFS(Tracker!A2:A35,A16,Tracker!D2:D35,"Done") | G16: =IFERROR(F16/B16,0)
A17: Phase 6: Conventions & Refactor | B17: =COUNTIF(Tracker!A2:A35,A17) | C17: =COUNTIFS(Tracker!A2:A35,A17,Tracker!D2:D35,"Not Started") | D17: =COUNTIFS(Tracker!A2:A35,A17,Tracker!D2:D35,"In Progress") | E17: =COUNTIFS(Tracker!A2:A35,A17,Tracker!D2:D35,"Practiced") | F17: =COUNTIFS(Tracker!A2:A35,A17,Tracker!D2:D35,"Done") | G17: =IFERROR(F17/B17,0)
A18: Phase 7: Testing & Quality | B18: =COUNTIF(Tracker!A2:A35,A18) | C18: =COUNTIFS(Tracker!A2:A35,A18,Tracker!D2:D35,"Not Started") | D18: =COUNTIFS(Tracker!A2:A35,A18,Tracker!D2:D35,"In Progress") | E18: =COUNTIFS(Tracker!A2:A35,A18,Tracker!D2:D35,"Practiced") | F18: =COUNTIFS(Tracker!A2:A35,A18,Tracker!D2:D35,"Done") | G18: =IFERROR(F18/B18,0)
A19: Capstone | B19: =COUNTIF(Tracker!A2:A35,A19) | C19: =COUNTIFS(Tracker!A2:A35,A19,Tracker!D2:D35,"Not Started") | D19: =COUNTIFS(Tracker!A2:A35,A19,Tracker!D2:D35,"In Progress") | E19: =COUNTIFS(Tracker!A2:A35,A19,Tracker!D2:D35,"Practiced") | F19: =COUNTIFS(Tracker!A2:A35,A19,Tracker!D2:D35,"Done") | G19: =IFERROR(F19/B19,0)
A20: TOTAL | B20: =SUM(B11:B19) | C20: =SUM(C11:C19) | D20: =SUM(D11:D19) | E20: =SUM(E11:E19) | F20: =SUM(F11:F19) | G20: =IFERROR(F20/B20,0)

Sheet Self-Assessment Checklist
A1: Self-Assessment Checklist
A2: From the learning plan - mark each once you can answer it unaided.
A4: # | B4: Checklist Item | C4: Completed | D4: Date
A5: 1 | B5: I can explain why Angular 19 uses standalone components instead of NgModules. | C5: No
A6: 2 | B6: I can explain why derived state must use computed(), not a get getter. | C6: No
A7: 3 | B7: I can explain why signals are read with () in both templates and TS. | C7: No
A8: 4 | B8: I can explain the difference between input()/output() and the legacy @Input/@Output decorators. | C8: No
A9: 5 | B9: I can explain why every HTTP call needs catchError(handleHttpError(...)) that re-throws the original error. | C9: No
A10: 6 | B10: I can explain the takeUntilDestroyed(this.destroyRef) pattern and why DestroyRef must be a field initializer. | C10: No
A11: 7 | B11: I can explain why a component must handle loading, error, and empty states. | C11: No
A12: 8 | B12: I can explain when to convert px to rem in SCSS and what stays in px. | C12: No
A13: 9 | B13: I can explain why user-visible text must use the | translate pipe and how RTL logical properties work. | C13: No
A14: 10 | B14: I can explain why magic strings like 'edit' should use FormMode / CONTEXT_MENU_ACTION constants. | C14: No
A15: 11 | B15: I can name the file-size limits and when a component should be split. | C15: No
A16: 12 | B16: I can explain the full quality gate (prettier/eslint/stylelint/typecheck/build:prod/test). | C16: No

Sheet Time Log
A1: Date | B1: Hours Spent | C1: Notes
