Workbook

Sheet Tracker
A1: Phase | B1: # | C1: Concept | D1: Status | E1: Practice Exercise Done | F1: Self-Check Passed | G1: Date Started | H1: Date Completed | I1: Notes
A2: Phase 0: Setup & Node Mental Model | B2: 0.1 | C2: Node setup, runtime & the event loop | D2: Not Started | E2: No | F2: No
A3: Phase 1: TypeScript First | B3: 1.1 | C3: tsconfig, strict mode & the compiler (tsc) | D3: Not Started | E3: No | F3: No
A4: Phase 1: TypeScript First | B4: 1.2 | C4: Interfaces vs types, unions, literals & enums | D4: Not Started | E4: No | F4: No
A5: Phase 1: TypeScript First | B5: 1.3 | C5: Generics (Repository<T>, Promise<T>) | D5: Not Started | E5: No | F5: No
A6: Phase 1: TypeScript First | B6: 1.4 | C6: unknown vs any vs never & type narrowing | D6: Not Started | E6: No | F6: No
A7: Phase 1: TypeScript First | B7: 1.5 | C7: Utility types (Partial/Pick/Omit/Record/DeepPartial) | D7: Not Started | E7: No | F7: No
A8: Phase 1: TypeScript First | B8: 1.6 | C8: Decorators (foundation of NestJS) | D8: Not Started | E8: No | F8: No
A9: Phase 1: TypeScript First | B9: 1.7 | C9: Path aliases in tsconfig (@shared, @entities) | D9: Not Started | E9: No | F9: No
A10: Phase 2: JavaScript Async & Modern JS | B10: 2.1 | C10: Modern JS (destructuring, spread, ?., ??) | D10: Not Started | E10: No | F10: No
A11: Phase 2: JavaScript Async & Modern JS | B11: 2.2 | C11: async/await, Promise.all & the .forEach(async) trap | D11: Not Started | E11: No | F11: No
A12: Phase 2: JavaScript Async & Modern JS | B12: 2.3 | C12: Modules (ESM vs CommonJS) & array methods | D12: Not Started | E12: No | F12: No
A13: Phase 3: Core Node.js | B13: 3.1 | C13: package.json, npm/npx, semver, lockfiles | D13: Not Started | E13: No | F13: No
... A40: Capstone | B40: C | C40: Build & stabilize a full NestJS feature module | D40: Not Started | E40: No | F40: No

Sheet Dashboard
A1: Node -> NestJS Learning - Progress Dashboard
A2: Live counts pull from the Tracker sheet - update statuses there.
A4: Overall Completion
A5: Total Concepts | B5: =COUNTA(Tracker!C2:C40)
A6: Done | B6: =COUNTIF(Tracker!D2:D40,"Done")
A7: % Complete | B7: =IFERROR(B6/B5,0)
A10: Phase | B10: Total | C10: Not Started | D10: In Progress | E10: Practiced | F10: Done | G10: % Complete
A11: Phase 0: Setup & Node Mental Model | B11: =COUNTIF(Tracker!A2:A40,A11) | C11: =COUNTIFS(Tracker!A2:A40,A11,Tracker!D2:D40,"Not Started") | D11: =COUNTIFS(Tracker!A2:A40,A11,Tracker!D2:D40,"In Progress") | E11: =COUNTIFS(Tracker!A2:A40,A11,Tracker!D2:D40,"Practiced") | F11: =COUNTIFS(Tracker!A2:A40,A11,Tracker!D2:D40,"Done") | G11: =IFERROR(F11/B11,0)
A12: Phase 1: TypeScript First | B12: =COUNTIF(Tracker!A2:A40,A12) | C12: =COUNTIFS(Tracker!A2:A40,A12,Tracker!D2:D40,"Not Started") | D12: =COUNTIFS(Tracker!A2:A40,A12,Tracker!D2:D40,"In Progress") | E12: =COUNTIFS(Tracker!A2:A40,A12,Tracker!D2:D40,"Practiced") | F12: =COUNTIFS(Tracker!A2:A40,A12,Tracker!D2:D40,"Done") | G12: =IFERROR(F12/B12,0)
A13: Phase 2: JavaScript Async & Modern JS | B13: =COUNTIF(Tracker!A2:A40,A13) | C13: =COUNTIFS(Tracker!A2:A40,A13,Tracker!D2:D40,"Not Started") | D13: =COUNTIFS(Tracker!A2:A40,A13,Tracker!D2:D40,"In Progress") | E13: =COUNTIFS(Tracker!A2:A40,A13,Tracker!D2:D40,"Practiced") | F13: =COUNTIFS(Tracker!A2:A40,A13,Tracker!D2:D40,"Done") | G13: =IFERROR(F13/B13,0)
A14: Phase 3: Core Node.js | B14: =COUNTIF(Tracker!A2:A40,A14) | C14: =COUNTIFS(Tracker!A2:A40,A14,Tracker!D2:D40,"Not Started") | D14: =COUNTIFS(Tracker!A2:A40,A14,Tracker!D2:D40,"In Progress") | E14: =COUNTIFS(Tracker!A2:A40,A14,Tracker!D2:D40,"Practiced") | F14: =COUNTIFS(Tracker!A2:A40,A14,Tracker!D2:D40,"Done") | G14: =IFERROR(F14/B14,0)
A15: Phase 4: NestJS Fundamentals | B15: =COUNTIF(Tracker!A2:A40,A15) | C15: =COUNTIFS(Tracker!A2:A40,A15,Tracker!D2:D40,"Not Started") | D15: =COUNTIFS(Tracker!A2:A40,A15,Tracker!D2:D40,"In Progress") | E15: =COUNTIFS(Tracker!A2:A40,A15,Tracker!D2:D40,"Practiced") | F15: =COUNTIFS(Tracker!A2:A40,A15,Tracker!D2:D40,"Done") | G15: =IFERROR(F15/B15,0)
A16: Phase 5: TypeORM & Database Layer | B16: =COUNTIF(Tracker!A2:A40,A16) | C16: =COUNTIFS(Tracker!A2:A40,A16,Tracker!D2:D40,"Not Started") | D16: =COUNTIFS(Tracker!A2:A40,A16,Tracker!D2:D40,"In Progress") | E16: =COUNTIFS(Tracker!A2:A40,A16,Tracker!D2:D40,"Practiced") | F16: =COUNTIFS(Tracker!A2:A40,A16,Tracker!D2:D40,"Done") | G16: =IFERROR(F16/B16,0)
A17: Phase 6: Read & Refactor a Real Module | B17: =COUNTIF(Tracker!A2:A40,A17) | C17: =COUNTIFS(Tracker!A2:A40,A17,Tracker!D2:D40,"Not Started") | D17: =COUNTIFS(Tracker!A2:A40,A17,Tracker!D2:D40,"In Progress") | E17: =COUNTIFS(Tracker!A2:A40,A17,Tracker!D2:D40,"Practiced") | F17: =COUNTIFS(Tracker!A2:A40,A17,Tracker!D2:D40,"Done") | G17: =IFERROR(F17/B17,0)
A18: Phase 7: Testing & Quality | B18: =COUNTIF(Tracker!A2:A40,A18) | C18: =COUNTIFS(Tracker!A2:A40,A18,Tracker!D2:D40,"Not Started") | D18: =COUNTIFS(Tracker!A2:A40,A18,Tracker!D2:D40,"In Progress") | E18: =COUNTIFS(Tracker!A2:A40,A18,Tracker!D2:D40,"Practiced") | F18: =COUNTIFS(Tracker!A2:A40,A18,Tracker!D2:D40,"Done") | G18: =IFERROR(F18/B18,0)
A19: Capstone | B19: =COUNTIF(Tracker!A2:A40,A19) | C19: =COUNTIFS(Tracker!A2:A40,A19,Tracker!D2:D40,"Not Started") | D19: =COUNTIFS(Tracker!A2:A40,A19,Tracker!D2:D40,"In Progress") | E19: =COUNTIFS(Tracker!A2:A40,A19,Tracker!D2:D40,"Practiced") | F19: =COUNTIFS(Tracker!A2:A40,A19,Tracker!D2:D40,"Done") | G19: =IFERROR(F19/B19,0)
A20: TOTAL | B20: =SUM(B11:B19) | C20: =SUM(C11:C19) | D20: =SUM(D11:D19) | E20: =SUM(E11:E19) | F20: =SUM(F11:F19) | G20: =IFERROR(F20/B20,0)

Sheet Self-Assessment Checklist
A1: Self-Assessment Checklist
A2: From the learning plan - mark each once you can answer it unaided.
A4: # | B4: Checklist Item | C4: Completed | D4: Date
A5: 1 | B5: I can explain what the event loop does and what happens when you forget an await. | C5: No
A6: 2 | B6: I can explain why 'unknown' is safer than 'any' in a catch block. | C6: No
A7: 3 | B7: I can explain what a NestJS provider is and how constructor DI wires it together. | C7: No
A8: 4 | B8: I can explain why controllers should be thin and delegate all logic to services. | C8: No
A9: 5 | B9: I can explain why @Body() params must be DTO classes with class-validator, not inline types. | C9: No
A10: 6 | B10: I can name which HttpException subclass to throw for 400 / 403 / 404 / 409. | C10: No
A11: 7 | B11: I can explain why eager: true is a performance trap and how to load relations correctly. | C11: No
A12: 8 | B12: I can explain how @DeleteDateColumn makes manual deletedAt filters redundant. | C12: No
A13: 9 | B13: I can explain how to parameterize a raw SQL query and why string interpolation is dangerous. | C13: No
A14: 10 | B14: I can explain the decision matrix: repo.find() vs QueryBuilder vs raw SQL. | C14: No
A15: 11 | B15: I can explain what an N+1 query is and how In(ids) batching fixes it. | C15: No
A16: 12 | B16: I can explain when a service should be decomposed into a facade + sub-services. | C16: No
A17: 13 | B17: I can explain the verification gate (build -> eslint -> prettier) and why it runs after every phase. | C17: No
